name,birth_date,address,phone,credit_card,email
Sara-AnnJanith,1999-03-16,Hanga Roa,(+57) 269 447 06 74,6011111111111117,Sara-AnnJanith@gmail.com
WynneSheedy,1999-04-14,Luxor,(+57) 355 196 08 63,6011111111111117,WynneSheedy@gmail.com
GenevraBahr,1993-06-23,Indianapolis,(+57) 659 023 50 35,371449635398431,GenevraBahr@gmail.com
RochetteAdlare,1993-09-12,Jacksonville,(+57) 707 567 22 74,6011111111111117,RochetteAdlare@gmail.com
TarraMilde,1992-07-15,Iquitos,(+57) 574 559 80 83,5555555555554444,TarraMilde@gmail.com
FawneMalvino,1980-04-10,São Paulo,(+57) 525 007 21 75,371449635398431,FawneMalvino@gmail.com
DoralynneSaint,1998-07-29,Malabo,(+57) 430 640 12 41,371449635398431,DoralynneSaint@gmail.com
LyndeSherrie,1999-05-29,Rabi Island,(+57) 029 379 76 82,371449635398431,LyndeSherrie@gmail.com
NatkaEngdahl,1983-08-15,Da Nang,(+57) 672 946 81 85,6011111111111117,NatkaEngdahl@gmail.com
LuciOgren,1997-08-15,New York City,(+57) 505 551 66 99,6011111111111117,LuciOgren@gmail.com
LaylaPoppy,1986-06-19,Handan,(+57) 302 584 98 78,30569309025904,LaylaPoppy@gmail.com
TybieSmitt,1996-03-09,Ljubljana,(+57) 641 607 58 32,6011111111111117,TybieSmitt@gmail.com
MolliTristram,1999-01-11,Lanzhou,(+57) 721 230 07 19,371449635398431,MolliTristram@gmail.com
JaclynJuliet,1981-06-27,Qingdao,(+57) 352 237 44 89,371449635398431,JaclynJuliet@gmail.com
DianemarieRegan,1988-05-01,Ottawa,(+57) 601 746 05 31,5555555555554444,DianemarieRegan@gmail.com
ThaliaSecrest,1985-01-03,Curitiba,(+57) 447 781 95 77,371449635398431,ThaliaSecrest@gmail.com
DauneRiva,1999-11-01,Multan,(+57) 682 845 91 87,371449635398431,DauneRiva@gmail.com
JobiWilona,1989-06-05,Pretoria,(+57) 684 793 84 52,5555555555554444,JobiWilona@gmail.com
MichelineFink,1989-05-20,Pittsburgh,(+57) 199 472 06 35,371449635398431,MichelineFink@gmail.com
Kara-LynnLamoree,1982-03-20,Seoul,(+57) 728 637 10 13,30569309025904,Kara-LynnLamoree@gmail.com
WendiMartguerita,1986-10-11,Islamabad,(+57) 522 486 39 63,30569309025904,WendiMartguerita@gmail.com
CatharineEckblad,1989-03-06,Jamestown,(+57) 901 140 76 26,6011111111111117,CatharineEckblad@gmail.com
AliaFerrell,1988-09-19,Pekanbaru,(+57) 584 541 05 57,371449635398431,AliaFerrell@gmail.com
CamUmmersen,1987-05-24,Raleigh,(+57) 740 282 75 59,6011111111111117,CamUmmersen@gmail.com
LeannaTillford,1992-11-30,Palikir,(+57) 646 678 28 78,6011111111111117,LeannaTillford@gmail.com
ConstanceCorilla,1996-12-02,Hiroshima,(+57) 154 636 60 35,371449635398431,ConstanceCorilla@gmail.com
ChastityRaffo,1987-01-17,Tel Aviv,(+57) 948 082 44 70,30569309025904,ChastityRaffo@gmail.com
MerciNedrud,1981-04-12,Dunedin,(+57) 367 912 68 66,30569309025904,MerciNedrud@gmail.com
CindelynHashim,1982-03-10,Yellowknife,(+57) 254 001 90 06,6011111111111117,CindelynHashim@gmail.com
SherrieAnyah,1995-05-14,Nukuʻalofa,(+57) 097 798 34 91,6011111111111117,SherrieAnyah@gmail.com
TybieShelba,1998-10-12,Hargeisa,(+57) 313 187 71 17,5555555555554444,TybieShelba@gmail.com
LatishaToffic,1984-10-07,Guadalajara,(+57) 169 362 19 09,371449635398431,LatishaToffic@gmail.com
MaraFirmin,1982-05-10,San Francisco,(+57) 624 907 05 90,371449635398431,MaraFirmin@gmail.com
MillieAde,1983-12-19,Basse-Terre,(+57) 135 892 03 06,6011111111111117,MillieAde@gmail.com
BeeJacqui,1992-11-14,Montreal,(+57) 098 064 89 60,371449635398431,BeeJacqui@gmail.com
MureilWeide,1993-10-27,Lviv,(+57) 009 262 47 36,6011111111111117,MureilWeide@gmail.com
LianaCamden,1989-07-15,Praia,(+57) 223 883 30 51,371449635398431,LianaCamden@gmail.com
KaryGamaliel,1998-09-30,Dodoma,(+57) 133 976 14 67,6011111111111117,KaryGamaliel@gmail.com
DorthyMalanie,1987-05-18,Brikama,(+57) 320 455 44 46,371449635398431,DorthyMalanie@gmail.com
GretalVanni,1999-06-24,Cusco,(+57) 550 077 99 06,30569309025904,GretalVanni@gmail.com
DodeHalla,1980-06-07,Chişinău,(+57) 759 204 14 08,6011111111111117,DodeHalla@gmail.com
LorieJuliet,1990-03-13,Kaliningrad,(+57) 117 900 06 24,5555555555554444,LorieJuliet@gmail.com
AgneseRocray,1993-05-12,Gaborone,(+57) 009 221 01 81,371449635398431,AgneseRocray@gmail.com
EkaterinaVacuva,1982-01-29,Yaoundé,(+57) 443 991 43 92,371449635398431,EkaterinaVacuva@gmail.com
ChristalCleo,1998-04-05,Raleigh,(+57) 480 910 75 08,6011111111111117,ChristalCleo@gmail.com
MarylouLibna,1987-10-21,Harbin,(+57) 718 535 05 78,30569309025904,MarylouLibna@gmail.com
GerrieNikaniki,1988-05-11,Bridgetown,(+57) 725 279 44 40,30569309025904,GerrieNikaniki@gmail.com
AynArgus,1988-10-14,Puebla,(+57) 192 481 97 96,6011111111111117,AynArgus@gmail.com
ReginaPercy,1999-03-21,Abuja,(+57) 200 181 22 41,371449635398431,ReginaPercy@gmail.com
MadyGunn,1995-11-19,Wollongong,(+57) 420 914 80 08,5555555555554444,MadyGunn@gmail.com
EttaRudolph,1986-11-11,Dodoma,(+57) 279 001 36 16,371449635398431,EttaRudolph@gmail.com
BrynnaDelp,1985-05-07,Yokohama,(+57) 798 266 85 84,5555555555554444,BrynnaDelp@gmail.com
JoeannOlnee,1991-09-02,Nicosia,(+57) 798 593 14 21,6011111111111117,JoeannOlnee@gmail.com
TabbathaUrsulette,1994-12-07,Novosibirsk,(+57) 987 530 37 94,5555555555554444,TabbathaUrsulette@gmail.com
ArdysMarcellus,1991-07-04,Novosibirsk,(+57) 869 298 80 17,371449635398431,ArdysMarcellus@gmail.com
MilliePyle,1990-11-11,Virginia Beach,(+57) 225 119 48 35,5555555555554444,MilliePyle@gmail.com
Zsa ZsaAloise,1980-01-14,Edmonton,(+57) 297 096 64 66,5555555555554444,Zsa ZsaAloise@gmail.com
PollyannaHenrie,1983-03-10,Cotonou,(+57) 649 161 75 88,6011111111111117,PollyannaHenrie@gmail.com
StaceyBonucci,1982-11-01,Port Louis,(+57) 659 668 65 57,30569309025904,StaceyBonucci@gmail.com
VonnyCyrie,1988-01-20,Helsinki,(+57) 168 765 03 60,371449635398431,VonnyCyrie@gmail.com
TressaArley,1993-11-12,Dibrugarh,(+57) 027 570 26 02,5555555555554444,TressaArley@gmail.com
LilithGoode,1982-03-18,Quezon City,(+57) 217 482 55 81,6011111111111117,LilithGoode@gmail.com
AuroreAmadas,1985-03-06,Rabat,(+57) 496 898 87 01,371449635398431,AuroreAmadas@gmail.com
RoslynLudewig,1994-11-01,Mumbai,(+57) 396 484 83 62,371449635398431,RoslynLudewig@gmail.com
KateWyn,1984-07-02,Basra,(+57) 447 505 84 08,30569309025904,KateWyn@gmail.com
ElieLia,1983-05-18,El Aaiún,(+57) 494 314 05 26,30569309025904,ElieLia@gmail.com
ElfredaVins,1980-08-07,Nice,(+57) 469 584 85 55,5555555555554444,ElfredaVins@gmail.com
AarenGaulin,1992-08-30,Pago Pago,(+57) 536 554 24 20,6011111111111117,AarenGaulin@gmail.com
AngelaJefferey,1990-06-05,Banjul,(+57) 413 548 04 09,371449635398431,AngelaJefferey@gmail.com
AbbieBobbee,1984-08-13,Vancouver,(+57) 148 147 69 81,30569309025904,AbbieBobbee@gmail.com
MayeSacken,1980-03-15,Pekanbaru,(+57) 037 363 36 18,5555555555554444,MayeSacken@gmail.com
JordanWu,1989-06-29,Yangon,(+57) 800 102 21 19,6011111111111117,JordanWu@gmail.com
AltheaHartnett,1984-02-05,Belize City,(+57) 586 740 54 06,5555555555554444,AltheaHartnett@gmail.com
VonnyEtom,1998-09-08,Busan,(+57) 337 450 20 58,371449635398431,VonnyEtom@gmail.com
RheaRozanna,1990-06-13,Porto,(+57) 871 634 67 59,371449635398431,RheaRozanna@gmail.com
ChristalGert,1985-11-13,Thimphu,(+57) 025 422 07 17,30569309025904,ChristalGert@gmail.com
NatalineSoneson,1991-01-28,Algiers,(+57) 336 558 67 75,371449635398431,NatalineSoneson@gmail.com
ArabelSprage,1987-05-13,Kingstown,(+57) 682 078 80 38,5555555555554444,ArabelSprage@gmail.com
MarjieTippets,1988-09-26,Munich,(+57) 911 507 94 94,371449635398431,MarjieTippets@gmail.com
KateKiyoshi,1984-12-12,Munich,(+57) 154 671 41 27,6011111111111117,KateKiyoshi@gmail.com
LeslyGarek,1997-05-08,Las Palmas de Gran Canaria,(+57) 813 762 93 28,30569309025904,LeslyGarek@gmail.com
MargaretteGabrielli,1981-09-14,Zagreb,(+57) 136 062 11 91,30569309025904,MargaretteGabrielli@gmail.com
BriannaElephus,1989-10-02,Puebla,(+57) 422 678 64 76,371449635398431,BriannaElephus@gmail.com
HayleyJanene,1983-02-04,Los Angeles,(+57) 220 116 79 48,5555555555554444,HayleyJanene@gmail.com
SueDyche,1995-08-16,Belgrade,(+57) 836 188 48 14,6011111111111117,SueDyche@gmail.com
KerrinRaama,1999-07-07,Damascus,(+57) 670 256 63 48,30569309025904,KerrinRaama@gmail.com
BenitaFennessy,1995-06-25,Monrovia,(+57) 853 331 83 29,371449635398431,BenitaFennessy@gmail.com
AllisTryck,1997-12-27,Tartu,(+57) 360 006 80 58,30569309025904,AllisTryck@gmail.com
LonnieNahum,1994-03-31,Auckland,(+57) 125 803 47 42,30569309025904,LonnieNahum@gmail.com
LetiziaGordon,1991-07-23,Maceió,(+57) 887 061 17 93,5555555555554444,LetiziaGordon@gmail.com
MarikaStrephon,1996-04-23,Guadalajara,(+57) 005 405 42 41,6011111111111117,MarikaStrephon@gmail.com
AllyceBollay,1997-02-24,Chengdu,(+57) 683 122 23 35,5555555555554444,AllyceBollay@gmail.com
LelahVoletta,1981-01-04,Thimphu,(+57) 352 872 54 58,6011111111111117,LelahVoletta@gmail.com
TierneySchroth,1992-02-27,Shijiazhuang,(+57) 436 865 66 78,371449635398431,TierneySchroth@gmail.com
FrederickaSeumas,1999-02-19,Nice,(+57) 829 852 99 40,371449635398431,FrederickaSeumas@gmail.com
BlakeEarlie,1986-08-23,The Hague,(+57) 860 056 56 45,5555555555554444,BlakeEarlie@gmail.com
ErickaBates,1985-01-06,Cuiabá,(+57) 792 288 45 53,5555555555554444,ErickaBates@gmail.com
RaquelaCamden,1992-11-16,Strasbourg,(+57) 531 048 78 10,30569309025904,RaquelaCamden@gmail.com
NoelleKenwood,1995-08-03,Chongqing,(+57) 499 644 37 67,6011111111111117,NoelleKenwood@gmail.com
ArdysKatrine,1990-09-27,Chennai,(+57) 591 088 20 66,6011111111111117,ArdysKatrine@gmail.com
